"Study_Name","Phase","Year","Population","Intervention","Primary_Endpoint","Result","TRAE_Rate","FDA_Approval","Limitations","Reference"
"KEYNOTE-045","Phase 3",2017,"Metastatic UC, platinum-refractory","Pembrolizumab vs Chemotherapy","OS","OS: 10.3 vs 7.4 months (HR 0.73, p=0.002)","15% vs 49%","May 2017","Limited to platinum-refractory patients","Bellmunt et al. NEJM 2017"
"CheckMate-274","Phase 3",2021,"MIBC, adjuvant setting","Nivolumab vs Placebo","DFS","DFS: 20.8 vs 10.8 months (HR 0.70, p<0.001)","17% vs 7%","Aug 2021","Adjuvant setting only; DFS endpoint","Bajorin et al. NEJM 2021"
"IMvigor-210","Phase 2",2016,"Metastatic UC, platinum-refractory","Atezolizumab","ORR","ORR: 15% (95% CI 11-20%)","16%","May 2016","Single-arm study; modest activity","Rosenberg et al. Lancet 2016"
"EV-301","Phase 3",2021,"Metastatic UC, platinum-refractory","Enfortumab Vedotin vs Chemotherapy","OS","OS: 12.9 vs 8.9 months (HR 0.70, p<0.001)","51% vs 50%","Dec 2019","High toxicity; neuropathy common","Powles et al. NEJM 2021"
"TROPHY-U-01","Phase 2",2021,"Metastatic UC, platinum-refractory","Sacituzumab Govitecan","ORR","ORR: 27% (95% CI 19-37%)","63%","Apr 2021","Single-arm study; limited follow-up","Tagawa et al. JCO 2021"
"KEYNOTE-052","Phase 2",2017,"Metastatic UC, cisplatin-ineligible","Pembrolizumab","ORR","ORR: 29% (95% CI 21-38%)","18%","May 2017","Single-arm study; cisplatin-ineligible only","Balar et al. Lancet 2017"
"EV-201","Phase 2",2020,"Metastatic UC, platinum-refractory","Enfortumab Vedotin","ORR","ORR: 44% (95% CI 35-53%)","51%","Dec 2019","Single-arm study; neuropathy toxicity","Rosenberg et al. JCO 2020"
"KEYNOTE-361","Phase 3",2020,"Metastatic UC, first-line","Pembrolizumab + Chemo vs Chemo","OS","OS: 17.0 vs 14.3 months (HR 0.86, p=0.04)","62% vs 58%","Not approved","No significant OS benefit; not approved","Powles et al. Lancet 2020"
"IMvigor-130","Phase 3",2020,"Metastatic UC, first-line","Atezolizumab + Chemo vs Chemo","OS","OS: 16.0 vs 13.4 months (HR 0.85, p=0.02)","44% vs 45%","Not approved","No OS benefit in ITT population; not approved","Galsky et al. Lancet 2020"
"TROPHY-U-02","Phase 2",2022,"Metastatic UC, platinum-refractory","Sacituzumab Govitecan","ORR","ORR: 28% (95% CI 20-37%)","63%","Apr 2021","Single-arm study; myelosuppression","Tagawa et al. JCO 2022"
